[{"ace_field_analysis_start_time": 0, "acl": {"perms": {"read": ["*"], "write": ["*"]}, "can_share_user": true, "owner": "admin", "can_write": true, "modifiable": true, "can_change_perms": true, "can_share_global": true, "sharing": "app", "can_share_app": true}, "_owner": "nobody", "source_itsi_da": "itsi", "breaking_criteria": {"items": [{"type": "clause", "config": {"items": [{"type": "notable_event_field", "config": {"field": "severity", "operator": "=", "value": "2"}}], "condition": "AND"}}, {"type": "clause", "config": {"items": [{"type": "notable_event_field", "config": {"field": "severity", "operator": "=", "value": "1"}}], "condition": "AND"}}], "condition": "OR"}, "rules": [{"actions": [{"items": [{"config": {"field": "severity", "value": "1"}, "execution_criteria": {"execute_on": "ALL"}, "type": "notable_event_change"}, {"config": {"field": "status", "value": "5"}, "execution_criteria": {"execute_on": "ALL"}, "type": "notable_event_change"}], "condition": "AND"}], "priority": 5, "title": "", "description": "", "_key": "f005362aeb5ef6b63501035d", "activation_criteria": {"items": [{"type": "breaking_criteria"}], "condition": "AND"}}], "ace_split_by_field": "", "ace_factor_fields": [], "mod_time": 1504720090.74053, "ace_enabled": 0, "_user": "nobody", "isFirstTimeSaveDone": true, "ace_group_status": "%status%", "ace_group_title": "%title%", "group_status": "%status%", "ace_breaking_criteria": {"items": [{"type": "pause", "config": {"limit": "7200"}}], "condition": "OR"}, "ace_group_severity": "%severity%", "sub_group_limit": "", "_key": "59b03477c24ec5086477c231", "split_by_field": "correlator", "group_assignee": "%owner%", "group_description": "%description%", "identifying_name": "apm correlation policy", "filter_criteria": {"items": [{"type": "clause", "config": {"items": [{"type": "notable_event_field", "config": {"field": "eventsource", "operator": "=", "value": "APPD"}}], "condition": "AND"}}], "condition": "OR"}, "title": "APM Correlation Policy", "disabled": 0, "ace_group_description": "%description%", "ace_factor_weights": [{"factor_weight": 0.5, "factor_name": "text"}, {"factor_weight": 0.5, "factor_name": "attribute"}], "group_severity": "%severity%", "create_time": 1504719991.65346, "group_title": "%title%", "priority": "", "ace_group_assignee": "%owner%", "description": "APM Correlation Policy", "is_default": 0, "object_type": "notable_aggregation_policy", "ace_field_analysis_end_time": 0}, {"group_description": "%description%", "identifying_name": "default policy", "rules": [], "title": "Default Policy", "mod_time": 1503505815.43526, "_key": "itsi_default_policy", "disabled": 0, "_user": "nobody", "group_title": "%title%", "filter_criteria": {"items": [], "condition": "OR"}, "object_type": "notable_aggregation_policy", "create_time": 1503066873.82383, "group_status": "%status%", "split_by_field": "source", "priority": 5, "group_severity": "%severity%", "description": "Applies to events which fail to meet the criteria of any other active policy", "is_default": 1, "group_assignee": "%owner%", "breaking_criteria": {"items": [{"config": {"limit": "7200"}, "type": "pause"}], "condition": "OR"}}]