[{"alert.severity": "3", "alert_condition": null, "dispatch.auto_cancel": "0", "dispatch.time_format": "%FT%T.%Q%:z", "vsid": null, "qualifiedSearch": "search index=*  source=application_events |mvexpand severity|mvexpand  error_message|eval itsi_severity=case(severity == \"ERROR\", 5,severity == \"WARNING\", 3)|dedup error_message application_id|eval eventsource=\"APPD\" | eval correlator=application_id | `match_entities(app_name)` | `filter_maintenance_entities`", "realtime_schedule": "1", "allow_skew": "0", "action.itsi_event_generator.param.status": "1", "alert.track": "0", "action.itsi_event_generator.param.owner": "unassigned", "dispatch.rt_backfill": "0", "action.itsi_event_generator": "1", "dispatchAs": "owner", "action.email.format": "pdf", "dispatch.latest_time": "now", "search": "index=*  source=application_events |mvexpand severity|mvexpand  error_message|eval itsi_severity=case(severity == \"ERROR\", 5,severity == \"WARNING\", 3)|dedup error_message application_id|eval eventsource=\"APPD\" | eval correlator=application_id | `match_entities(app_name)` | `filter_maintenance_entities`", "is_visible": "1", "alert_type": "number of events", "dispatch.index_earliest": null, "run_n_times": "0", "dispatch.indexedRealtimeMinSpan": null, "name": "AppD Application Events", "alert.suppress.period": null, "action.itsi_event_generator.param.entity_lookup_field": "app_name", "alert.expires": "24h", "action.itsi_event_generator.param.meta_data": "{}", "dispatch.sample_ratio": "1", "alert.suppress.fields": null, "actions": "itsi_event_generator", "schedule_window": "0", "schedule_priority": "default", "action.itsi_event_generator.param.search_type": "basic", "alert.digest_mode": "1", "dispatch.reduce_freq": "10", "next_scheduled_time": "2017-09-12 16:28:00 EDT", "dispatch.buckets": "0", "eai:acl": {"app": "itsi", "owner": "admin", "removable": "1", "can_list": "1", "perms": {"read": ["*"], "delete": ["itoa_admin"], "write": ["itoa_admin"]}, "can_share_user": "1", "can_write": "1", "can_share_global": "1", "can_change_perms": "1", "modifiable": "1", "can_share_app": "1", "sharing": "global"}, "action.email": "0", "action.itsi_event_generator.param.drilldown_search_latest_offset": "300", "action.itsi_event_generator.param.editor": "advance_correlation_builder_editor", "is_scheduled": "1", "alert.suppress": "0", "action.itsi_event_generator.param.severity": "%itsi_severity%", "run_on_startup": "0", "dispatch.max_time": "0", "action.email.to": null, "cron_schedule": "*/1 * * * *", "dispatch.indexedRealtime": null, "disabled": "0", "dispatch.indexedRealtimeOffset": null, "action.itsi_event_generator.param.description": "%error_message%", "alert_comparator": "greater than", "dispatch.auto_pause": "0", "dispatch.index_latest": null, "action.rss": "0", "alert_threshold": "0", "dispatch.max_count": "500000", "action.itsi_event_generator.param.drilldown_search_earliest_offset": "-300", "action.itsi_event_generator.param.title": "%error_message%", "action.script": "0", "sid": "AppD Application Events", "description": "AppD Application Events", "max_concurrent": "1", "dispatch.lookups": "1", "dispatch.spawn_process": "1", "dispatch.ttl": "2p", "action.email.sendresults": null, "auto_summarize": "0", "dispatch.earliest_time": "-1m", "displayview": null, "dispatch.rt_maximum_span": null, "restart_on_searchpeer_add": "1"}, {"alert.severity": "3", "alert_condition": null, "dispatch.auto_cancel": "0", "dispatch.time_format": "%FT%T.%Q%:z", "vsid": null, "qualifiedSearch": "search index=*   source=healthrule_violations|mvexpand healthrule_violations{}.name|mvexpand healthrule_violations{}.severity|mvexpand healthrule_violations{}.description|rename healthrule_violations{}.name as eventdescription|rename healthrule_violations{}.severity as severity|rename healthrule_violations{}.description as details|eval eventsource=\"APPD\"|eval itsi_severity=case(severity == \"CRITICAL\", 5,severity == \"WARNING\", 3)|eval correlator=application_id |dedup eventdescription | `match_entities(application_name)` | `filter_maintenance_entities`", "realtime_schedule": "1", "allow_skew": "0", "action.itsi_event_generator.param.status": "1", "alert.track": "0", "action.itsi_event_generator.param.owner": "unassigned", "dispatch.rt_backfill": "0", "action.itsi_event_generator": "1", "dispatchAs": "owner", "action.email.format": "pdf", "dispatch.latest_time": "now", "search": "index=*   source=healthrule_violations|mvexpand healthrule_violations{}.name|mvexpand healthrule_violations{}.severity|mvexpand healthrule_violations{}.description|rename healthrule_violations{}.name as eventdescription|rename healthrule_violations{}.severity as severity|rename healthrule_violations{}.description as details|eval eventsource=\"APPD\"|eval itsi_severity=case(severity == \"CRITICAL\", 5,severity == \"WARNING\", 3)|eval correlator=application_id |dedup eventdescription | `match_entities(application_name)` | `filter_maintenance_entities`", "is_visible": "1", "alert_type": "number of events", "dispatch.index_earliest": null, "run_n_times": "0", "dispatch.indexedRealtimeMinSpan": null, "name": "AppD Healthrule Violations", "alert.suppress.period": null, "action.itsi_event_generator.param.entity_lookup_field": "application_name", "alert.expires": "24h", "action.itsi_event_generator.param.meta_data": "{}", "dispatch.sample_ratio": "1", "alert.suppress.fields": null, "actions": "itsi_event_generator", "schedule_window": "0", "schedule_priority": "default", "action.itsi_event_generator.param.search_type": "basic", "alert.digest_mode": "1", "dispatch.reduce_freq": "10", "next_scheduled_time": "2017-09-12 16:28:00 EDT", "dispatch.buckets": "0", "eai:acl": {"app": "itsi", "owner": "admin", "removable": "1", "can_list": "1", "perms": {"read": ["*"], "delete": ["itoa_admin"], "write": ["itoa_admin"]}, "can_share_user": "1", "can_write": "1", "can_share_global": "1", "can_change_perms": "1", "modifiable": "1", "can_share_app": "1", "sharing": "global"}, "action.email": "0", "action.itsi_event_generator.param.drilldown_search_latest_offset": "300", "action.itsi_event_generator.param.editor": "advance_correlation_builder_editor", "is_scheduled": "1", "alert.suppress": "0", "action.itsi_event_generator.param.severity": "%itsi_severity%", "run_on_startup": "0", "dispatch.max_time": "0", "action.email.to": null, "cron_schedule": "*/1 * * * *", "dispatch.indexedRealtime": null, "disabled": "0", "dispatch.indexedRealtimeOffset": null, "action.itsi_event_generator.param.description": "%details%", "alert_comparator": "greater than", "dispatch.auto_pause": "0", "dispatch.index_latest": null, "action.rss": "0", "alert_threshold": "0", "dispatch.max_count": "500000", "action.itsi_event_generator.param.drilldown_search_earliest_offset": "-300", "action.itsi_event_generator.param.title": "%eventdescription%", "action.script": "0", "sid": "AppD Healthrule Violations", "description": "AppD Healthrule Violations", "max_concurrent": "1", "dispatch.lookups": "1", "dispatch.spawn_process": "1", "dispatch.ttl": "2p", "action.email.sendresults": null, "auto_summarize": "0", "dispatch.earliest_time": "-1m", "displayview": null, "dispatch.rt_maximum_span": null, "restart_on_searchpeer_add": "1"}, {"alert.severity": "3", "alert_condition": null, "dispatch.auto_cancel": "0", "action.itsi_event_generator.param.drilldown_search_title": "%service_name% health", "dispatch.time_format": "%FT%T.%Q%:z", "vsid": null, "qualifiedSearch": "search `service_health_data` alert_level=6 | rename serviceid as itsi_service_id | rename kpiid as itsi_kpi_id | rename kpi as kpi_name| lookup service_kpi_lookup _key as itsi_service_id OUTPUT title | rename title as service_name | eval actual_time=_time | convert ctime(actual_time) as actual_time", "realtime_schedule": "1", "allow_skew": "0", "alert_type": "number of events", "dispatch.rt_backfill": "0", "alert.track": "0", "action.itsi_event_generator.param.owner": "unassigned", "action.itsi_event_generator.param.status": "0", "action.itsi_event_generator": "1", "dispatchAs": "owner", "action.email.format": "pdf", "dispatch.latest_time": "now", "search": "`service_health_data` alert_level=6 | rename serviceid as itsi_service_id | rename kpiid as itsi_kpi_id | rename kpi as kpi_name| lookup service_kpi_lookup _key as itsi_service_id OUTPUT title | rename title as service_name | eval actual_time=_time | convert ctime(actual_time) as actual_time", "is_visible": "1", "action.itsi_event_generator.param.drilldown_search_search": "`service_health_data` %itsi_service_id%", "dispatch.index_earliest": null, "run_n_times": "0", "dispatch.indexedRealtimeMinSpan": null, "name": "Monitor Critical Service Based on HealthScore", "alert.suppress.period": null, "alert.expires": "24h", "action.itsi_event_generator.param.meta_data": "{}", "dispatch.sample_ratio": "1", "alert.suppress.fields": null, "actions": "itsi_event_generator", "schedule_window": "0", "schedule_priority": "default", "action.itsi_event_generator.param.drilldown_title": "Drilldown to %service_name% health score", "action.itsi_event_generator.param.search_type": "basic", "alert.digest_mode": "1", "dispatch.reduce_freq": "10", "next_scheduled_time": null, "dispatch.buckets": "0", "eai:acl": {"app": "itsi", "owner": "nobody", "removable": "0", "can_list": "1", "perms": {"read": ["*"], "delete": ["itoa_admin"], "write": ["itoa_admin"]}, "can_share_user": "0", "can_write": "1", "can_share_global": "1", "can_change_perms": "1", "modifiable": "1", "can_share_app": "1", "sharing": "global"}, "action.email": "0", "action.itsi_event_generator.param.drilldown_search_latest_offset": "300", "action.itsi_event_generator.param.editor": "advance_correlation_builder_editor", "is_scheduled": "1", "alert.suppress": "0", "action.itsi_event_generator.param.severity": "4", "run_on_startup": "0", "dispatch.max_time": "0", "action.email.to": null, "cron_schedule": "*/1 * * * *", "dispatch.indexedRealtime": null, "disabled": "1", "dispatch.indexedRealtimeOffset": null, "action.itsi_event_generator.param.description": "%service_name% is currently in %severity_label% with a value of %severity_value% at %actual_time%", "alert_comparator": "greater than", "dispatch.auto_pause": "0", "dispatch.index_latest": null, "action.rss": "0", "alert_threshold": "0", "dispatch.max_count": "500000", "action.itsi_event_generator.param.drilldown_search_earliest_offset": "-300", "action.itsi_event_generator.param.title": "%service_name% is in %severity_label% - %severity_value%", "action.script": "0", "sid": "Monitor Critical Service Based on HealthScore", "description": "Monitor Critical service in the environment", "action.itsi_event_generator.param.drilldown_uri": "/app/itsi/service_detail?serviceId=%itsi_service_id%&earliest=rt-24h&latest=rtnow&kpiId=%kpiid%", "max_concurrent": "1", "dispatch.lookups": "1", "dispatch.spawn_process": "1", "dispatch.ttl": "2p", "action.email.sendresults": null, "auto_summarize": "0", "dispatch.earliest_time": "-1m", "displayview": null, "dispatch.rt_maximum_span": null, "restart_on_searchpeer_add": "1"}, {"alert.severity": "3", "alert_condition": null, "dispatch.auto_cancel": "0", "dispatch.time_format": "%FT%T.%Q%:z", "vsid": null, "qualifiedSearch": "search index=* sourcetype=\"*newrelic*\" label=* |dedup label|eval correlator=policy_name|eval eventsource=\"NEWRELIC\" |eval itsi_severity=case(priority == \"Critical\", 5,priority == \"Warning\", 3)|dedup label | `match_entities(%entity.id%)` | `filter_maintenance_entities`", "realtime_schedule": "1", "allow_skew": "0", "action.itsi_event_generator.param.status": "1", "alert.track": "0", "action.itsi_event_generator.param.owner": "unassigned", "dispatch.rt_backfill": "0", "action.itsi_event_generator": "1", "dispatchAs": "owner", "action.email.format": "pdf", "dispatch.latest_time": "now", "search": "index=* sourcetype=\"*newrelic*\" label=* |dedup label|eval correlator=policy_name|eval eventsource=\"NEWRELIC\" |eval itsi_severity=case(priority == \"Critical\", 5,priority == \"Warning\", 3)|dedup label | `match_entities(%entity.id%)` | `filter_maintenance_entities`", "is_visible": "1", "alert_type": "number of events", "dispatch.index_earliest": null, "run_n_times": "0", "dispatch.indexedRealtimeMinSpan": null, "name": "NewRelic Application Events", "alert.suppress.period": null, "action.itsi_event_generator.param.entity_lookup_field": "%entity.id%", "alert.expires": "24h", "action.itsi_event_generator.param.meta_data": "{}", "dispatch.sample_ratio": "1", "alert.suppress.fields": null, "actions": "itsi_event_generator", "schedule_window": "0", "schedule_priority": "default", "action.itsi_event_generator.param.search_type": "basic", "alert.digest_mode": "1", "dispatch.reduce_freq": "10", "next_scheduled_time": "2017-09-12 16:28:00 EDT", "dispatch.buckets": "0", "eai:acl": {"app": "itsi", "owner": "admin", "removable": "1", "can_list": "1", "perms": {"read": ["*"], "delete": ["itoa_admin"], "write": ["itoa_admin"]}, "can_share_user": "1", "can_write": "1", "can_share_global": "1", "can_change_perms": "1", "modifiable": "1", "can_share_app": "1", "sharing": "global"}, "action.email": "0", "action.itsi_event_generator.param.drilldown_search_latest_offset": "300", "action.itsi_event_generator.param.editor": "advance_correlation_builder_editor", "is_scheduled": "1", "alert.suppress": "0", "action.itsi_event_generator.param.severity": "%itsi_severity%", "run_on_startup": "0", "dispatch.max_time": "0", "action.email.to": null, "cron_schedule": "*/1 * * * *", "dispatch.indexedRealtime": null, "disabled": "0", "dispatch.indexedRealtimeOffset": null, "action.itsi_event_generator.param.description": "%label%", "alert_comparator": "greater than", "dispatch.auto_pause": "0", "dispatch.index_latest": null, "action.rss": "0", "alert_threshold": "0", "dispatch.max_count": "500000", "action.itsi_event_generator.param.drilldown_search_earliest_offset": "-300", "action.itsi_event_generator.param.title": "%label%", "action.script": "0", "sid": "NewRelic Application Events", "description": "NewRelic Application Events", "max_concurrent": "1", "dispatch.lookups": "1", "dispatch.spawn_process": "1", "dispatch.ttl": "2p", "action.email.sendresults": null, "auto_summarize": "0", "dispatch.earliest_time": "-1m", "displayview": null, "dispatch.rt_maximum_span": null, "restart_on_searchpeer_add": "1"}]