[{"alert.suppress": "0", "action.itsi_event_generator.param.status": "1", "dispatch.max_count": "500000", "allow_skew": "0", "run_n_times": "0", "qualifiedSearch": "search index=*  source=application_events |mvexpand severity|mvexpand  error_message|eval itsi_severity=case(severity == \"ERROR\", 5,severity == \"WARNING\", 3)|dedup error_message application_id|eval eventsource=\"APPD\" | eval correlator=application_id | `match_entities(app_name)` | `filter_maintenance_entities`", "alert.suppress.period": null, "action.itsi_event_generator.param.meta_data": "{}", "action.itsi_event_generator.param.entity_lookup_field": "app_name", "action.email.to": null, "dispatch.rt_backfill": "0", "action.email.sendresults": null, "next_scheduled_time": "2017-09-13 14:32:00 EDT", "name": "AppD Application Events", "description": "AppD Application Events", "alert.track": "0", "action.itsi_event_generator.param.drilldown_search_latest_offset": "300", "disabled": "0", "schedule_window": "0", "alert.severity": "3", "dispatch.ttl": "2p", "run_on_startup": "0", "displayview": null, "dispatch.sample_ratio": "1", "eai:acl": {"modifiable": "1", "can_share_app": "1", "owner": "admin", "can_list": "1", "can_share_user": "1", "can_share_global": "1", "app": "itsi", "perms": {"write": ["itoa_admin"], "delete": ["itoa_admin"], "read": ["*"]}, "removable": "1", "can_write": "1", "can_change_perms": "1", "sharing": "global"}, "dispatch.index_latest": null, "alert.expires": "24h", "search": "index=*  source=application_events |mvexpand severity|mvexpand  error_message|eval itsi_severity=case(severity == \"ERROR\", 5,severity == \"WARNING\", 3)|dedup error_message application_id|eval eventsource=\"APPD\" | eval correlator=application_id | `match_entities(app_name)` | `filter_maintenance_entities`", "dispatch.index_earliest": null, "vsid": null, "dispatch.time_format": "%FT%T.%Q%:z", "auto_summarize": "0", "action.itsi_event_generator.param.title": "%error_message%", "dispatch.reduce_freq": "10", "action.itsi_event_generator.param.search_type": "basic", "alert_comparator": "greater than", "max_concurrent": "1", "action.itsi_event_generator.param.drilldown_search_earliest_offset": "-300", "dispatch.lookups": "1", "action.itsi_event_generator.param.severity": "%itsi_severity%", "dispatch.latest_time": "now", "actions": "itsi_event_generator", "dispatch.earliest_time": "-1m", "action.email.format": "pdf", "dispatch.indexedRealtimeOffset": null, "dispatch.rt_maximum_span": null, "action.email": "0", "is_scheduled": "1", "alert_threshold": "0", "action.itsi_event_generator": "1", "action.itsi_event_generator.param.description": "%error_message%", "is_visible": "1", "action.rss": "0", "alert_type": "number of events", "alert.suppress.fields": null, "dispatch.indexedRealtime": null, "dispatch.auto_pause": "0", "restart_on_searchpeer_add": "1", "cron_schedule": "*/1 * * * *", "alert.digest_mode": "1", "dispatchAs": "owner", "action.script": "0", "dispatch.auto_cancel": "0", "dispatch.spawn_process": "1", "schedule_priority": "default", "sid": "AppD Application Events", "dispatch.buckets": "0", "action.itsi_event_generator.param.editor": "advance_correlation_builder_editor", "dispatch.max_time": "0", "action.itsi_event_generator.param.owner": "unassigned", "dispatch.indexedRealtimeMinSpan": null, "realtime_schedule": "1", "alert_condition": null}, {"alert.suppress": "0", "action.itsi_event_generator.param.status": "1", "dispatch.max_count": "500000", "allow_skew": "0", "run_n_times": "0", "qualifiedSearch": "search index=*   source=healthrule_violations|mvexpand healthrule_violations{}.name|mvexpand healthrule_violations{}.severity|mvexpand healthrule_violations{}.description|rename healthrule_violations{}.name as eventdescription|rename healthrule_violations{}.severity as severity|rename healthrule_violations{}.description as details|eval eventsource=\"APPD\"|eval itsi_severity=case(severity == \"CRITICAL\", 5,severity == \"WARNING\", 3)|eval correlator=application_id |dedup eventdescription | `match_entities(application_name)` | `filter_maintenance_entities`", "alert.suppress.period": null, "action.itsi_event_generator.param.meta_data": "{}", "action.itsi_event_generator.param.entity_lookup_field": "application_name", "action.email.to": null, "dispatch.rt_backfill": "0", "action.email.sendresults": null, "next_scheduled_time": "2017-09-13 14:32:00 EDT", "name": "AppD Healthrule Violations", "description": "AppD Healthrule Violations", "alert.track": "0", "action.itsi_event_generator.param.drilldown_search_latest_offset": "300", "disabled": "0", "schedule_window": "0", "alert.severity": "3", "dispatch.ttl": "2p", "run_on_startup": "0", "displayview": null, "dispatch.sample_ratio": "1", "eai:acl": {"modifiable": "1", "can_share_app": "1", "owner": "admin", "can_list": "1", "can_share_user": "1", "can_share_global": "1", "app": "itsi", "perms": {"write": ["itoa_admin"], "delete": ["itoa_admin"], "read": ["*"]}, "removable": "1", "can_write": "1", "can_change_perms": "1", "sharing": "global"}, "dispatch.index_latest": null, "alert.expires": "24h", "search": "index=*   source=healthrule_violations|mvexpand healthrule_violations{}.name|mvexpand healthrule_violations{}.severity|mvexpand healthrule_violations{}.description|rename healthrule_violations{}.name as eventdescription|rename healthrule_violations{}.severity as severity|rename healthrule_violations{}.description as details|eval eventsource=\"APPD\"|eval itsi_severity=case(severity == \"CRITICAL\", 5,severity == \"WARNING\", 3)|eval correlator=application_id |dedup eventdescription | `match_entities(application_name)` | `filter_maintenance_entities`", "dispatch.index_earliest": null, "vsid": null, "dispatch.time_format": "%FT%T.%Q%:z", "auto_summarize": "0", "action.itsi_event_generator.param.title": "%eventdescription%", "dispatch.reduce_freq": "10", "action.itsi_event_generator.param.search_type": "basic", "alert_comparator": "greater than", "max_concurrent": "1", "action.itsi_event_generator.param.drilldown_search_earliest_offset": "-300", "dispatch.lookups": "1", "action.itsi_event_generator.param.severity": "%itsi_severity%", "dispatch.latest_time": "now", "actions": "itsi_event_generator", "dispatch.earliest_time": "-1m", "action.email.format": "pdf", "dispatch.indexedRealtimeOffset": null, "dispatch.rt_maximum_span": null, "action.email": "0", "is_scheduled": "1", "alert_threshold": "0", "action.itsi_event_generator": "1", "action.itsi_event_generator.param.description": "%details%", "is_visible": "1", "action.rss": "0", "alert_type": "number of events", "alert.suppress.fields": null, "dispatch.indexedRealtime": null, "dispatch.auto_pause": "0", "restart_on_searchpeer_add": "1", "cron_schedule": "*/1 * * * *", "alert.digest_mode": "1", "dispatchAs": "owner", "action.script": "0", "dispatch.auto_cancel": "0", "dispatch.spawn_process": "1", "schedule_priority": "default", "sid": "AppD Healthrule Violations", "dispatch.buckets": "0", "action.itsi_event_generator.param.editor": "advance_correlation_builder_editor", "dispatch.max_time": "0", "action.itsi_event_generator.param.owner": "unassigned", "dispatch.indexedRealtimeMinSpan": null, "realtime_schedule": "1", "alert_condition": null}, {"alert.suppress": "0", "action.itsi_event_generator.param.status": "0", "dispatch.max_count": "500000", "eai:acl": {"modifiable": "1", "can_share_app": "1", "owner": "nobody", "can_list": "1", "can_share_user": "0", "can_share_global": "1", "app": "itsi", "perms": {"write": ["itoa_admin"], "delete": ["itoa_admin"], "read": ["*"]}, "removable": "0", "can_write": "1", "can_change_perms": "1", "sharing": "global"}, "run_n_times": "0", "qualifiedSearch": "search `service_health_data` alert_level=6 | rename serviceid as itsi_service_id | rename kpiid as itsi_kpi_id | rename kpi as kpi_name| lookup service_kpi_lookup _key as itsi_service_id OUTPUT title | rename title as service_name | eval actual_time=_time | convert ctime(actual_time) as actual_time", "dispatch.max_time": "0", "alert.suppress.period": null, "action.itsi_event_generator.param.meta_data": "{}", "action.email.to": null, "dispatch.rt_backfill": "0", "action.email.sendresults": null, "next_scheduled_time": null, "name": "Monitor Critical Service Based on HealthScore", "description": "Monitor Critical service in the environment", "alert.track": "0", "action.itsi_event_generator.param.drilldown_search_latest_offset": "300", "disabled": "1", "schedule_window": "0", "alert.severity": "3", "dispatch.ttl": "2p", "run_on_startup": "0", "displayview": null, "dispatch.sample_ratio": "1", "allow_skew": "0", "dispatch.index_latest": null, "alert.expires": "24h", "search": "`service_health_data` alert_level=6 | rename serviceid as itsi_service_id | rename kpiid as itsi_kpi_id | rename kpi as kpi_name| lookup service_kpi_lookup _key as itsi_service_id OUTPUT title | rename title as service_name | eval actual_time=_time | convert ctime(actual_time) as actual_time", "dispatch.index_earliest": null, "vsid": null, "dispatchAs": "owner", "dispatch.time_format": "%FT%T.%Q%:z", "action.itsi_event_generator.param.drilldown_search_title": "%service_name% health", "auto_summarize": "0", "action.itsi_event_generator.param.title": "%service_name% is in %severity_label% - %severity_value%", "action.itsi_event_generator.param.drilldown_search_search": "`service_health_data` %itsi_service_id%", "action.itsi_event_generator.param.search_type": "basic", "alert_comparator": "greater than", "max_concurrent": "1", "action.itsi_event_generator.param.drilldown_search_earliest_offset": "-300", "dispatch.lookups": "1", "action.itsi_event_generator.param.severity": "4", "dispatch.latest_time": "now", "action.itsi_event_generator.param.drilldown_uri": "/app/itsi/service_detail?serviceId=%itsi_service_id%&earliest=rt-24h&latest=rtnow&kpiId=%kpiid%", "actions": "itsi_event_generator", "dispatch.earliest_time": "-1m", "action.email.format": "pdf", "dispatch.indexedRealtimeOffset": null, "dispatch.rt_maximum_span": null, "action.email": "0", "is_scheduled": "1", "alert_threshold": "0", "action.itsi_event_generator": "1", "action.itsi_event_generator.param.description": "%service_name% is currently in %severity_label% with a value of %severity_value% at %actual_time%", "is_visible": "1", "action.rss": "0", "alert_type": "number of events", "alert.suppress.fields": null, "dispatch.indexedRealtime": null, "dispatch.auto_pause": "0", "restart_on_searchpeer_add": "1", "cron_schedule": "*/1 * * * *", "alert.digest_mode": "1", "action.script": "0", "dispatch.auto_cancel": "0", "dispatch.spawn_process": "1", "schedule_priority": "default", "sid": "Monitor Critical Service Based on HealthScore", "dispatch.buckets": "0", "action.itsi_event_generator.param.editor": "advance_correlation_builder_editor", "dispatch.reduce_freq": "10", "action.itsi_event_generator.param.owner": "unassigned", "dispatch.indexedRealtimeMinSpan": null, "realtime_schedule": "1", "action.itsi_event_generator.param.drilldown_title": "Drilldown to %service_name% health score", "alert_condition": null}, {"alert.suppress": "0", "action.itsi_event_generator.param.status": "1", "dispatch.max_count": "500000", "allow_skew": "0", "run_n_times": "0", "qualifiedSearch": "search index=* sourcetype=\"*newrelic*\" |rename label as mydescription|eval correlator=policy_name|eval eventsource=\"NEWRELIC\" |eval itsi_severity=case(priority == \"Critical\", 5,priority == \"Warning\", 3)|dedup mydescription | `match_entities(entity.name)` | `filter_maintenance_entities`", "alert.suppress.period": null, "action.itsi_event_generator.param.meta_data": "{}", "action.itsi_event_generator.param.entity_lookup_field": "entity.name", "action.email.to": null, "dispatch.rt_backfill": "0", "action.email.sendresults": null, "next_scheduled_time": "2017-09-13 14:32:00 EDT", "name": "NewRelic Application Events", "description": "NewRelic Application Events", "alert.track": "0", "action.itsi_event_generator.param.drilldown_search_latest_offset": "300", "disabled": "0", "schedule_window": "0", "alert.severity": "3", "dispatch.ttl": "2p", "run_on_startup": "0", "displayview": null, "dispatch.sample_ratio": "1", "eai:acl": {"modifiable": "1", "can_share_app": "1", "owner": "admin", "can_list": "1", "can_share_user": "1", "can_share_global": "1", "app": "itsi", "perms": {"write": ["itoa_admin"], "delete": ["itoa_admin"], "read": ["*"]}, "removable": "1", "can_write": "1", "can_change_perms": "1", "sharing": "global"}, "dispatch.index_latest": null, "alert.expires": "24h", "search": "index=* sourcetype=\"*newrelic*\" |rename label as mydescription|eval correlator=policy_name|eval eventsource=\"NEWRELIC\" |eval itsi_severity=case(priority == \"Critical\", 5,priority == \"Warning\", 3)|dedup mydescription | `match_entities(entity.name)` | `filter_maintenance_entities`", "dispatch.index_earliest": null, "vsid": null, "dispatch.time_format": "%FT%T.%Q%:z", "auto_summarize": "0", "action.itsi_event_generator.param.title": "%mydescription%", "dispatch.reduce_freq": "10", "action.itsi_event_generator.param.search_type": "basic", "alert_comparator": "greater than", "max_concurrent": "1", "action.itsi_event_generator.param.drilldown_search_earliest_offset": "-300", "dispatch.lookups": "1", "action.itsi_event_generator.param.severity": "%itsi_severity%", "dispatch.latest_time": "now", "actions": "itsi_event_generator", "dispatch.earliest_time": "-1m", "action.email.format": "pdf", "dispatch.indexedRealtimeOffset": null, "dispatch.rt_maximum_span": null, "action.email": "0", "is_scheduled": "1", "alert_threshold": "0", "action.itsi_event_generator": "1", "action.itsi_event_generator.param.description": "%mydescription%", "is_visible": "1", "action.rss": "0", "alert_type": "number of events", "alert.suppress.fields": null, "dispatch.indexedRealtime": null, "dispatch.auto_pause": "0", "restart_on_searchpeer_add": "1", "cron_schedule": "*/1 * * * *", "alert.digest_mode": "1", "dispatchAs": "owner", "action.script": "0", "dispatch.auto_cancel": "0", "dispatch.spawn_process": "1", "schedule_priority": "default", "sid": "NewRelic Application Events", "dispatch.buckets": "0", "action.itsi_event_generator.param.editor": "advance_correlation_builder_editor", "dispatch.max_time": "0", "action.itsi_event_generator.param.owner": "admin", "dispatch.indexedRealtimeMinSpan": null, "realtime_schedule": "1", "alert_condition": null}]