[{"sortField": "_time", "acl": {"perms": {"write": ["*"], "read": ["*"]}, "can_share_user": true, "owner": "admin", "can_write": true, "can_share_global": true, "can_change_perms": true, "modifiable": true, "sharing": "app", "can_share_app": true}, "_owner": "nobody", "source_itsi_da": "itsi", "eventDeduplication": true, "mod_time": "", "_user": "nobody", "viewingOption": "standard", "latest": "now", "viewMode": "standard", "arbitrarySearch": "", "sortDirection": "-", "_key": "59a59ef7c24ec508636ec8a1", "_version": "2.6.1", "mod_source": "REST", "identifying_name": "notable events review", "columnsShown": [{"mandatory": true, "label": "Title", "value": "title"}, {"mandatory": true, "dedupValue": ["_first_time", "_last_time"], "label": "Time", "value": "_time"}, {"mandatory": true, "label": "Owner", "value": "owner"}, {"label": "Severity", "value": "severity_label"}, {"label": "Status", "value": "status"}, {"label": "Description", "value": "description"}], "title": "Notable Events Review", "earliest": "-24h", "fetchLimit": 50, "eventDeduplicationField": "event_identifier_hash", "filterCollection": [], "description": "", "mod_timestamp": "2017-08-29T17:05:59.908674+00:00", "object_type": "event_management_state"}]