[{"priority": "", "group_title": "%title%", "_user": "nobody", "ace_split_by_field": "", "group_description": "%description%", "ace_breaking_criteria": {"condition": "OR", "items": [{"type": "pause", "config": {"limit": "7200"}}]}, "sub_group_limit": "", "ace_group_status": "%status%", "group_severity": "%severity%", "is_default": 0, "filter_criteria": {"condition": "OR", "items": [{"type": "clause", "config": {"condition": "AND", "items": [{"type": "notable_event_field", "config": {"value": "APPD", "operator": "=", "field": "eventsource"}}]}}]}, "acl": {"modifiable": true, "can_share_global": true, "can_share_user": true, "can_share_app": true, "owner": "admin", "perms": {"write": ["*"], "read": ["*"]}, "can_write": true, "can_change_perms": true, "sharing": "app"}, "ace_field_analysis_end_time": 0, "split_by_field": "correlator", "description": "APM Correlation Policy", "source_itsi_da": "itsi", "mod_time": 1505254076.05949, "group_assignee": "%owner%", "create_time": 1504719991.65346, "identifying_name": "apm correlation policy", "ace_group_description": "%description%", "rules": [{"actions": [{"condition": "AND", "items": [{"config": {"value": "1", "field": "severity"}, "type": "notable_event_change", "execution_criteria": {"execute_on": "ALL"}}, {"config": {"value": "5", "field": "status"}, "type": "notable_event_change", "execution_criteria": {"execute_on": "ALL"}}]}], "activation_criteria": {"condition": "AND", "items": [{"type": "breaking_criteria"}]}, "_key": "f005362aeb5ef6b63501035d", "description": "", "title": "", "priority": 5}], "ace_group_title": "%title%", "disabled": 0, "object_type": "notable_aggregation_policy", "ace_field_analysis_start_time": 0, "ace_factor_weights": [{"factor_name": "text", "factor_weight": 0.5}, {"factor_name": "attribute", "factor_weight": 0.5}], "title": "APM Correlation Policy", "breaking_criteria": {"condition": "OR", "items": [{"type": "clause", "config": {"condition": "AND", "items": [{"type": "notable_event_field", "config": {"value": "2", "operator": "=", "field": "severity"}}]}}, {"type": "clause", "config": {"condition": "AND", "items": [{"type": "notable_event_field", "config": {"value": "1", "operator": "=", "field": "severity"}}]}}]}, "_key": "59b03477c24ec5086477c231", "ace_factor_fields": [], "ace_group_severity": "%severity%", "isFirstTimeSaveDone": true, "group_status": "%status%", "ace_group_assignee": "%owner%", "ace_enabled": 0, "_owner": "nobody"}, {"group_title": "%title%", "identifying_name": "default policy", "split_by_field": "source", "rules": [], "disabled": 0, "group_description": "%description%", "mod_time": 1505254076.0595, "is_default": 1, "title": "Default Policy", "breaking_criteria": {"condition": "OR", "items": [{"config": {"limit": "7200"}, "type": "pause"}]}, "filter_criteria": {"condition": "OR", "items": []}, "group_severity": "%severity%", "_key": "itsi_default_policy", "_user": "nobody", "description": "Applies to events which fail to meet the criteria of any other active policy", "group_status": "%status%", "priority": 5, "object_type": "notable_aggregation_policy", "group_assignee": "%owner%", "create_time": 1503066873.82383}]